-- Additional plant seed data for ecotwin_db.
-- Import after ecotwin_db.sql / ecotwin_db_dump.sql.

USE `ecotwin_db`;

START TRANSACTION;

INSERT INTO `plant_categories` (`category_id`, `code`, `label`, `emoji`, `created_at`) VALUES
(1, 'leafy', 'Leafy Greens', '🥬', NOW()),
(2, 'herb', 'Herbs', '🌿', NOW()),
(3, 'fruiting', 'Fruiting Crops', '🍅', NOW()),
(4, 'root', 'Root Crops', '🥕', NOW())
ON DUPLICATE KEY UPDATE
  `code` = VALUES(`code`),
  `label` = VALUES(`label`),
  `emoji` = VALUES(`emoji`);

INSERT INTO `plants` (`plant_id`, `name`, `scientific_name`, `category_id`, `emoji`, `photoperiod_hrs`, `notes`, `created_by`, `created_at`, `updated_at`) VALUES
(2, 'Spinach', 'Spinacia oleracea', 1, '🥬', 14, 'Cool-season leafy green profile for hydroponic production.', 1, NOW(), NOW()),
(3, 'Kale', 'Brassica oleracea var. sabellica', 1, '🥬', 14, 'Hardy leafy green profile with moderate nutrient demand.', 1, NOW(), NOW()),
(4, 'Bok Choy', 'Brassica rapa subsp. chinensis', 1, '🥬', 13, 'Fast-growing leafy brassica suitable for NFT and raft systems.', 1, NOW(), NOW()),
(5, 'Arugula', 'Eruca vesicaria', 1, '🥬', 13, 'Peppery leafy green profile for short-cycle hydroponic crops.', 1, NOW(), NOW()),
(6, 'Basil', 'Ocimum basilicum', 2, '🌿', 16, 'Warm herb profile with higher light preference.', 1, NOW(), NOW()),
(7, 'Mint', 'Mentha spicata', 2, '🌿', 14, 'Vigorous herb profile that prefers mild temperatures and steady moisture.', 1, NOW(), NOW()),
(8, 'Cilantro', 'Coriandrum sativum', 2, '🌿', 13, 'Cool herb profile to reduce bolting risk.', 1, NOW(), NOW()),
(9, 'Parsley', 'Petroselinum crispum', 2, '🌿', 14, 'Slow-growing herb profile with moderate EC needs.', 1, NOW(), NOW()),
(10, 'Tomato', 'Solanum lycopersicum', 3, '🍅', 16, 'Fruiting crop profile for greenhouse hydroponic tomatoes.', 1, NOW(), NOW()),
(11, 'Bell Pepper', 'Capsicum annuum', 3, '🫑', 16, 'Warm fruiting crop profile with high light and nutrient demand.', 1, NOW(), NOW()),
(12, 'Cucumber', 'Cucumis sativus', 3, '🥒', 16, 'Vining fruiting crop profile for high-transpiration greenhouse production.', 1, NOW(), NOW()),
(13, 'Strawberry', 'Fragaria x ananassa', 3, '🍓', 14, 'Fruiting crop profile for hydroponic strawberry culture.', 1, NOW(), NOW()),
(14, 'Radish', 'Raphanus sativus', 4, '🌱', 13, 'Short-cycle root crop profile with moderate light and EC requirements.', 1, NOW(), NOW()),
(15, 'Carrot', 'Daucus carota subsp. sativus', 4, '🥕', 14, 'Root crop profile for deep media or substrate hydroponic trials.', 1, NOW(), NOW())
ON DUPLICATE KEY UPDATE
  `name` = VALUES(`name`),
  `scientific_name` = VALUES(`scientific_name`),
  `category_id` = VALUES(`category_id`),
  `emoji` = VALUES(`emoji`),
  `photoperiod_hrs` = VALUES(`photoperiod_hrs`),
  `notes` = VALUES(`notes`),
  `created_by` = VALUES(`created_by`),
  `updated_at` = NOW();

INSERT INTO `plant_thresholds` (`threshold_id`, `plant_id`, `parameter`, `unit`, `val_min`, `val_opt_low`, `val_opt_high`, `val_max`, `created_at`, `updated_at`) VALUES
(7, 2, 'temperature', 'C', 14.00, 18.00, 22.00, 28.00, NOW(), NOW()),
(8, 2, 'humidity', '%', 45.00, 55.00, 70.00, 85.00, NOW(), NOW()),
(9, 2, 'ph', 'pH', 5.50, 5.80, 6.40, 7.00, NOW(), NOW()),
(10, 2, 'ec', 'mS/cm', 1.00, 1.40, 2.00, 2.40, NOW(), NOW()),
(11, 2, 'light', 'lux', 5000.00, 9000.00, 15000.00, 22000.00, NOW(), NOW()),
(12, 2, 'water_level', '%', 20.00, 60.00, 90.00, 100.00, NOW(), NOW()),
(13, 3, 'temperature', 'C', 12.00, 18.00, 24.00, 30.00, NOW(), NOW()),
(14, 3, 'humidity', '%', 40.00, 50.00, 70.00, 85.00, NOW(), NOW()),
(15, 3, 'ph', 'pH', 5.50, 6.00, 6.80, 7.20, NOW(), NOW()),
(16, 3, 'ec', 'mS/cm', 1.20, 1.60, 2.40, 2.80, NOW(), NOW()),
(17, 3, 'light', 'lux', 6000.00, 10000.00, 18000.00, 26000.00, NOW(), NOW()),
(18, 3, 'water_level', '%', 20.00, 60.00, 90.00, 100.00, NOW(), NOW()),
(19, 4, 'temperature', 'C', 15.00, 18.00, 24.00, 30.00, NOW(), NOW()),
(20, 4, 'humidity', '%', 45.00, 55.00, 75.00, 90.00, NOW(), NOW()),
(21, 4, 'ph', 'pH', 5.50, 6.00, 6.70, 7.20, NOW(), NOW()),
(22, 4, 'ec', 'mS/cm', 1.00, 1.40, 2.00, 2.40, NOW(), NOW()),
(23, 4, 'light', 'lux', 5000.00, 9000.00, 16000.00, 24000.00, NOW(), NOW()),
(24, 4, 'water_level', '%', 20.00, 60.00, 90.00, 100.00, NOW(), NOW()),
(25, 5, 'temperature', 'C', 12.00, 16.00, 22.00, 28.00, NOW(), NOW()),
(26, 5, 'humidity', '%', 40.00, 50.00, 70.00, 85.00, NOW(), NOW()),
(27, 5, 'ph', 'pH', 5.50, 6.00, 6.80, 7.20, NOW(), NOW()),
(28, 5, 'ec', 'mS/cm', 0.80, 1.20, 1.80, 2.20, NOW(), NOW()),
(29, 5, 'light', 'lux', 5000.00, 8000.00, 14000.00, 22000.00, NOW(), NOW()),
(30, 5, 'water_level', '%', 20.00, 60.00, 90.00, 100.00, NOW(), NOW()),
(31, 6, 'temperature', 'C', 18.00, 22.00, 28.00, 32.00, NOW(), NOW()),
(32, 6, 'humidity', '%', 45.00, 55.00, 75.00, 90.00, NOW(), NOW()),
(33, 6, 'ph', 'pH', 5.50, 5.80, 6.50, 7.00, NOW(), NOW()),
(34, 6, 'ec', 'mS/cm', 1.00, 1.40, 2.20, 2.60, NOW(), NOW()),
(35, 6, 'light', 'lux', 8000.00, 12000.00, 22000.00, 30000.00, NOW(), NOW()),
(36, 6, 'water_level', '%', 20.00, 60.00, 90.00, 100.00, NOW(), NOW()),
(37, 7, 'temperature', 'C', 15.00, 18.00, 24.00, 30.00, NOW(), NOW()),
(38, 7, 'humidity', '%', 45.00, 55.00, 75.00, 90.00, NOW(), NOW()),
(39, 7, 'ph', 'pH', 5.50, 6.00, 6.80, 7.20, NOW(), NOW()),
(40, 7, 'ec', 'mS/cm', 1.00, 1.40, 2.00, 2.40, NOW(), NOW()),
(41, 7, 'light', 'lux', 5000.00, 8000.00, 15000.00, 22000.00, NOW(), NOW()),
(42, 7, 'water_level', '%', 20.00, 60.00, 90.00, 100.00, NOW(), NOW()),
(43, 8, 'temperature', 'C', 12.00, 16.00, 22.00, 28.00, NOW(), NOW()),
(44, 8, 'humidity', '%', 40.00, 50.00, 70.00, 85.00, NOW(), NOW()),
(45, 8, 'ph', 'pH', 5.50, 6.00, 6.70, 7.20, NOW(), NOW()),
(46, 8, 'ec', 'mS/cm', 0.80, 1.20, 1.80, 2.20, NOW(), NOW()),
(47, 8, 'light', 'lux', 5000.00, 8000.00, 14000.00, 22000.00, NOW(), NOW()),
(48, 8, 'water_level', '%', 20.00, 60.00, 90.00, 100.00, NOW(), NOW()),
(49, 9, 'temperature', 'C', 12.00, 18.00, 24.00, 30.00, NOW(), NOW()),
(50, 9, 'humidity', '%', 40.00, 50.00, 70.00, 85.00, NOW(), NOW()),
(51, 9, 'ph', 'pH', 5.50, 6.00, 6.80, 7.20, NOW(), NOW()),
(52, 9, 'ec', 'mS/cm', 0.80, 1.20, 1.80, 2.20, NOW(), NOW()),
(53, 9, 'light', 'lux', 5000.00, 9000.00, 16000.00, 24000.00, NOW(), NOW()),
(54, 9, 'water_level', '%', 20.00, 60.00, 90.00, 100.00, NOW(), NOW()),
(55, 10, 'temperature', 'C', 16.00, 21.00, 27.00, 32.00, NOW(), NOW()),
(56, 10, 'humidity', '%', 45.00, 55.00, 75.00, 90.00, NOW(), NOW()),
(57, 10, 'ph', 'pH', 5.50, 5.80, 6.50, 7.00, NOW(), NOW()),
(58, 10, 'ec', 'mS/cm', 1.80, 2.20, 3.50, 4.00, NOW(), NOW()),
(59, 10, 'light', 'lux', 10000.00, 18000.00, 30000.00, 40000.00, NOW(), NOW()),
(60, 10, 'water_level', '%', 20.00, 60.00, 90.00, 100.00, NOW(), NOW()),
(61, 11, 'temperature', 'C', 18.00, 22.00, 28.00, 34.00, NOW(), NOW()),
(62, 11, 'humidity', '%', 45.00, 55.00, 75.00, 90.00, NOW(), NOW()),
(63, 11, 'ph', 'pH', 5.50, 5.80, 6.50, 7.00, NOW(), NOW()),
(64, 11, 'ec', 'mS/cm', 1.80, 2.00, 3.00, 3.50, NOW(), NOW()),
(65, 11, 'light', 'lux', 10000.00, 18000.00, 30000.00, 40000.00, NOW(), NOW()),
(66, 11, 'water_level', '%', 20.00, 60.00, 90.00, 100.00, NOW(), NOW()),
(67, 12, 'temperature', 'C', 18.00, 22.00, 28.00, 34.00, NOW(), NOW()),
(68, 12, 'humidity', '%', 50.00, 60.00, 80.00, 95.00, NOW(), NOW()),
(69, 12, 'ph', 'pH', 5.50, 5.80, 6.50, 7.00, NOW(), NOW()),
(70, 12, 'ec', 'mS/cm', 1.40, 1.80, 2.50, 3.00, NOW(), NOW()),
(71, 12, 'light', 'lux', 10000.00, 18000.00, 30000.00, 40000.00, NOW(), NOW()),
(72, 12, 'water_level', '%', 20.00, 60.00, 90.00, 100.00, NOW(), NOW()),
(73, 13, 'temperature', 'C', 12.00, 16.00, 24.00, 30.00, NOW(), NOW()),
(74, 13, 'humidity', '%', 45.00, 55.00, 75.00, 90.00, NOW(), NOW()),
(75, 13, 'ph', 'pH', 5.20, 5.50, 6.50, 7.00, NOW(), NOW()),
(76, 13, 'ec', 'mS/cm', 1.00, 1.40, 2.00, 2.50, NOW(), NOW()),
(77, 13, 'light', 'lux', 8000.00, 12000.00, 22000.00, 32000.00, NOW(), NOW()),
(78, 13, 'water_level', '%', 20.00, 60.00, 90.00, 100.00, NOW(), NOW()),
(79, 14, 'temperature', 'C', 10.00, 16.00, 22.00, 28.00, NOW(), NOW()),
(80, 14, 'humidity', '%', 40.00, 50.00, 70.00, 85.00, NOW(), NOW()),
(81, 14, 'ph', 'pH', 5.80, 6.00, 7.00, 7.50, NOW(), NOW()),
(82, 14, 'ec', 'mS/cm', 1.00, 1.20, 1.80, 2.20, NOW(), NOW()),
(83, 14, 'light', 'lux', 5000.00, 8000.00, 14000.00, 22000.00, NOW(), NOW()),
(84, 14, 'water_level', '%', 20.00, 60.00, 90.00, 100.00, NOW(), NOW()),
(85, 15, 'temperature', 'C', 12.00, 16.00, 24.00, 30.00, NOW(), NOW()),
(86, 15, 'humidity', '%', 40.00, 50.00, 70.00, 85.00, NOW(), NOW()),
(87, 15, 'ph', 'pH', 5.80, 6.00, 6.80, 7.30, NOW(), NOW()),
(88, 15, 'ec', 'mS/cm', 1.00, 1.40, 2.00, 2.40, NOW(), NOW()),
(89, 15, 'light', 'lux', 6000.00, 9000.00, 16000.00, 24000.00, NOW(), NOW()),
(90, 15, 'water_level', '%', 20.00, 60.00, 90.00, 100.00, NOW(), NOW())
ON DUPLICATE KEY UPDATE
  `unit` = VALUES(`unit`),
  `val_min` = VALUES(`val_min`),
  `val_opt_low` = VALUES(`val_opt_low`),
  `val_opt_high` = VALUES(`val_opt_high`),
  `val_max` = VALUES(`val_max`),
  `updated_at` = NOW();

ALTER TABLE `plants` AUTO_INCREMENT = 16;
ALTER TABLE `plant_thresholds` AUTO_INCREMENT = 91;

COMMIT;
